team_api_id,buildUpPlaySpeed,buildUpPlaySpeedClass,defencePressure,defencePressureClass
9930,60,Balanced,50,Medium
9930,52,Balanced,47,Medium
9930,47,Balanced,47,Medium
8485,70,Fast,60,Medium
8485,47,Balanced,47,Medium
8485,58,Balanced,40,Medium
8485,62,Balanced,42,Medium
8485,58,Balanced,41,Medium
8485,59,Balanced,49,Medium
8576,60,Balanced,30,Deep
8576,65,Balanced,45,Medium
8576,59,Balanced,38,Medium
8576,59,Balanced,38,Medium
8576,59,Balanced,38,Medium
8576,59,Balanced,38,Medium
8564,45,Balanced,30,Deep
8564,65,Balanced,50,Medium
8564,45,Balanced,45,Medium
8564,48,Balanced,48,Medium
8564,,Balanced,58,Medium
8564,48,Balanced,58,Medium
10215,30,Slow,30,Deep
10215,30,Slow,30,Deep
10215,45,Balanced,52,Medium
10215,45,Balanced,52,Medium
10215,52,Balanced,39,Medium
10215,53,Balanced,39,Medium
10217,30,Slow,30,Deep
10217,53,Balanced,46,Medium
10217,38,Balanced,50,Medium
10217,38,Balanced,50,Medium
10217,58,Balanced,57,Medium
10217,56,Balanced,40,Medium
8593,30,Slow,30,Deep
8593,40,Balanced,65,Medium
8593,31,Slow,68,High
8593,35,Balanced,68,High
8593,40,Balanced,64,Medium
8593,35,Balanced,64,Medium
9865,65,Balanced,70,High
9865,55,Balanced,58,Medium
9865,42,Balanced,37,Medium
9865,46,Balanced,37,Medium
9865,46,Balanced,37,Medium
9865,46,Balanced,37,Medium
8635,50,Balanced,70,High
8635,50,Balanced,70,High
8635,52,Balanced,45,Medium
8635,52,Balanced,60,Medium
8635,52,Balanced,60,Medium
8635,52,Balanced,53,Medium
8121,45,Balanced,30,Deep
8121,65,Balanced,45,Medium
8121,50,Balanced,44,Medium
8121,50,Balanced,44,Medium
8121,48,Balanced,44,Medium
8121,48,Balanced,44,Medium
8322,,Slow,65,Medium
8322,46,Balanced,47,Medium
108893,50,Balanced,30,Deep
108893,50,Balanced,25,Deep
108893,23,Slow,44,Medium
108893,41,Balanced,39,Medium
108893,39,Balanced,44,Medium
108893,56,Balanced,48,Medium
9912,40,Balanced,45,Medium
9912,46,Balanced,38,Medium
9912,62,Balanced,36,Medium
158085,69,Fast,35,Medium
158085,65,Balanced,37,Medium
9825,66,Balanced,30,Deep
9825,75,Fast,50,Medium
9825,25,Slow,57,Medium
9825,30,Slow,64,Medium
9825,59,Balanced,51,Medium
9825,,Balanced,51,Medium
10252,70,Fast,30,Deep
10252,65,Balanced,35,Medium
10252,67,Fast,43,Medium
10252,63,Balanced,39,Medium
10252,66,Balanced,39,Medium
10252,63,Balanced,35,Medium
8524,35,Balanced,30,Deep
8524,65,Balanced,45,Medium
8524,40,Balanced,55,Medium
8524,64,Balanced,54,Medium
8524,64,Balanced,36,Medium
8524,64,Balanced,36,Medium
8315,60,Balanced,30,Deep
8315,70,Fast,48,Medium
8315,42,Balanced,37,Medium
8315,46,Balanced,37,Medium
8315,46,Balanced,37,Medium
8315,46,Balanced,49,Medium
9906,64,Balanced,70,High
9906,57,Balanced,58,Medium
9906,,Balanced,52,Medium
9906,47,Balanced,52,Medium
9906,47,Balanced,52,Medium
9906,57,Balanced,49,Medium
8406,45,Balanced,45,Medium
8406,68,Fast,59,Medium
8406,55,Balanced,47,Medium
8406,40,Balanced,33,Deep
8406,62,Balanced,47,Medium
8406,59,Balanced,34,Medium
8583,30,Slow,30,Deep
8583,35,Balanced,35,Medium
8583,64,Balanced,34,Medium
8583,64,Balanced,34,Medium
8583,64,Balanced,34,Medium
8583,64,Balanced,34,Medium
10229,55,Balanced,30,Deep
10229,45,Balanced,60,Medium
10229,46,Balanced,60,Medium
10229,62,Balanced,50,Medium
10229,52,Balanced,50,Medium
10229,50,Balanced,50,Medium
8634,42,Balanced,70,High
8634,43,Balanced,67,High
8634,,Slow,66,Medium
8634,35,Balanced,61,Medium
8634,35,Balanced,61,Medium
8634,36,Balanced,61,Medium
9976,30,Slow,40,Medium
9976,65,Balanced,55,Medium
9976,50,Balanced,45,Medium
9976,55,Balanced,49,Medium
9976,55,Balanced,49,Medium
9976,52,Balanced,50,Medium
9931,40,Balanced,60,Medium
9931,46,Balanced,38,Medium
9931,61,Balanced,47,Medium
9931,61,Balanced,47,Medium
9931,61,Balanced,47,Medium
9931,61,Balanced,47,Medium
8178,70,Fast,70,High
8178,67,Fast,57,Medium
8178,58,Balanced,50,Medium
8178,64,Balanced,58,Medium
8178,69,Fast,50,Medium
8178,73,Fast,61,Medium
9823,65,Balanced,70,High
9823,42,Balanced,39,Medium
9823,47,Balanced,49,Medium
9823,56,Balanced,52,Medium
9823,37,Balanced,61,Medium
9823,45,Balanced,72,High
9993,35,Balanced,70,High
9993,47,Balanced,33,Deep
9993,,Balanced,45,Medium
9993,47,Balanced,45,Medium
10211,48,Balanced,47,Medium
10211,39,Balanced,37,Medium
10211,39,Balanced,37,Medium
9807,30,Slow,30,Deep
9807,52,Balanced,38,Medium
9807,51,Balanced,38,Medium
6493,40,Balanced,45,Medium
6493,47,Balanced,32,Deep
9772,30,Slow,30,Deep
9772,65,Balanced,55,Medium
9772,55,Balanced,61,Medium
9772,65,Balanced,60,Medium
9772,70,Fast,60,Medium
9772,69,Fast,60,Medium
8658,70,Fast,70,High
8658,45,Balanced,30,Deep
8658,51,Balanced,42,Medium
8658,56,Balanced,42,Medium
8658,56,Balanced,42,Medium
8658,56,Balanced,42,Medium
8655,55,Balanced,45,Medium
8655,55,Balanced,45,Medium
8655,,Balanced,42,Medium
8655,44,Balanced,42,Medium
8655,44,Balanced,50,Medium
8655,60,Balanced,50,Medium
8483,70,Fast,70,High
8483,70,Fast,45,Medium
8483,45,Balanced,49,Medium
8483,45,Balanced,49,Medium
8483,67,Fast,39,Medium
8483,62,Balanced,39,Medium
8613,47,Balanced,32,Deep
9911,50,Balanced,40,Medium
9911,55,Balanced,48,Medium
9911,40,Balanced,34,Medium
9911,40,Balanced,40,Medium
9911,38,Balanced,34,Medium
9911,69,Fast,58,Medium
9857,65,Balanced,55,Medium
9857,65,Balanced,30,Deep
9857,40,Balanced,35,Medium
9857,63,Balanced,43,Medium
9857,63,Balanced,28,Deep
9857,63,Balanced,30,Deep
8559,55,Balanced,35,Medium
8559,45,Balanced,40,Medium
8559,57,Balanced,48,Medium
8559,57,Balanced,39,Medium
8559,57,Balanced,39,Medium
8559,57,Balanced,39,Medium
9827,70,Fast,55,Medium
9827,50,Balanced,55,Medium
9827,49,Balanced,44,Medium
9827,49,Balanced,44,Medium
9827,38,Balanced,37,Medium
9827,51,Balanced,57,Medium
9789,70,Fast,54,Medium
9789,73,Fast,59,Medium
9789,71,Fast,58,Medium
9789,74,Fast,60,Medium
9789,76,Fast,60,Medium
9789,71,Fast,65,Medium
9788,65,Balanced,55,Medium
9788,63,Balanced,49,Medium
9788,57,Balanced,33,Deep
9788,76,Fast,33,Deep
9788,31,Slow,43,Medium
9788,31,Slow,41,Medium
4170,45,Balanced,70,High
4170,50,Balanced,35,Medium
4170,49,Balanced,45,Medium
8678,70,Fast,70,High
8678,51,Balanced,27,Deep
8678,46,Balanced,48,Medium
8678,39,Balanced,48,Medium
8678,47,Balanced,48,Medium
8678,47,Balanced,48,Medium
10264,30,Slow,30,Deep
10264,,Slow,40,Medium
10264,53,Balanced,23,Deep
10264,66,Balanced,25,Deep
10264,53,Balanced,25,Deep
10264,55,Balanced,25,Deep
9858,30,Slow,45,Medium
9858,30,Slow,45,Medium
9858,35,Balanced,35,Medium
9858,42,Balanced,41,Medium
9858,42,Balanced,41,Medium
9858,42,Balanced,41,Medium
8521,50,Balanced,70,High
8521,65,Balanced,55,Medium
8521,64,Balanced,44,Medium
8521,59,Balanced,44,Medium
8521,59,Balanced,44,Medium
8521,59,Balanced,44,Medium
8191,70,Fast,65,Medium
8191,36,Balanced,24,Deep
8191,48,Balanced,52,Medium
8191,54,Balanced,48,Medium
8191,48,Balanced,54,Medium
8191,54,Balanced,63,Medium
7819,65,Balanced,70,High
7819,65,Balanced,55,Medium
7819,48,Balanced,47,Medium
7819,48,Balanced,47,Medium
7819,62,Balanced,43,Medium
7819,62,Balanced,43,Medium
8529,40,Balanced,40,Medium
8529,65,Balanced,45,Medium
8529,40,Balanced,45,Medium
8529,63,Balanced,46,Medium
8529,63,Balanced,37,Medium
8529,67,Fast,65,Medium
7788,45,Balanced,42,Medium
7788,,Balanced,42,Medium
8344,65,Balanced,70,High
8344,67,Fast,46,Medium
8344,60,Balanced,47,Medium
8344,60,Balanced,47,Medium
8344,60,Balanced,33,Deep
8344,60,Balanced,33,Deep
208931,32,Slow,46,Medium
208931,80,Fast,25,Deep
8530,35,Balanced,35,Medium
8530,65,Balanced,35,Medium
8530,40,Balanced,25,Deep
8530,67,Fast,37,Medium
8530,75,Fast,28,Deep
8530,70,Fast,31,Deep
9910,35,Balanced,35,Medium
9910,43,Balanced,40,Medium
9910,53,Balanced,42,Medium
9910,53,balanced,42,Medium
9910,53,Balanced,42,Medium
9910,55,Balanced,55,Medium
9925,70,fast,60,Medium
9925,54,Balanced,46,Medium
9925,70,Fast,50,Medium
9925,50,Balanced,55,Medium
9925,70,Fast,51,Medium
9925,54,Balanced,58,Medium
9984,,Balanced,65,Medium
9984,50,Balanced,60,Medium
9984,68,Fast,59,Medium
9984,53,Balanced,59,Medium
9984,53,Balanced,59,Medium
9984,53,Balanced,59,Medium
9880,30,Slow,50,Medium
9880,50,BalanceD,35,Medium
9880,60,Balanced,35,Medium
9880,73,Fast,39,Medium
9880,73,Fast,39,Medium
9880,66,Balanced,39,Medium
8455,70,Fast,30,Deep
8455,60,Balanced,35,Medium
8455,60,Balanced,60,Medium
8455,46,Balanced,42,Medium
8455,67,Fast,39,Medium
8455,67,Fast,39,Medium
8533,45,Balanced,30,Deep
8533,45,Balanced,36,Medium
8533,60,Balanced,25,Deep
8533,66,Balanced,26,Deep
8533,66,Balanced,46,Medium
8533,66,Balanced,46,Medium
8342,35,Balanced,60,Medium
8342,67,Fast,57,Medium
8342,64,Balanced,60,Medium
8342,45,Balanced,43,Medium
8342,42,Balanced,51,Medium
8342,42,Balanced,51,Medium
7869,30,slow,35,Medium
7869,39,Balanced,40,Medium
7869,40,Balanced,36,Medium
7869,40,Balanced,36,Medium
7869,40,Balanced,36,Medium
7869,53,Balanced,38,Medium
2186,30,Slow,70,High
2186,46,Balanced,48,Medium
2186,57,Balanced,59,Medium
2186,37,Balanced,59,Medium
2186,37,Balanced,59,Medium
9826,70,Fast,65,Medium
9826,53,Balanced,48,Medium
9826,43,Balanced,44,Medium
9826,52,Balanced,36,Medium
9826,61,Balanced,36,Medium
9826,61,Balanced,36,Medium
8262,59,Balanced,32,Deep
8526,30,Slow,42,Medium
8526,37,Balanced,52,Medium
9783,30,Slow,35,Medium
9783,56,Balanced,38,Medium
9783,56,Balanced,45,Medium
9783,56,Balanced,45,Medium
9783,56,Balanced,45,Medium
9783,53,Balanced,45,Medium
9836,55,Balanced,30,Deep
9836,65,Balanced,35,Medium
9836,51,Balanced,45,Medium
9836,51,Balanced,45,Medium
9836,51,Balanced,45,Medium
9836,51,Balanced,45,Medium
8284,50,Balanced,48,Medium
8284,47,Balanced,50,Medium
9938,70,Fast,60,Medium
9938,68,Fast,57,Medium
9938,60,Balanced,40,Medium
9938,53,Balanced,41,Medium
9938,60,Balanced,41,Medium
9938,60,Balanced,48,Medium
8457,55,Balanced,42,Medium
8372,62,Balanced,37,Medium
8372,62,Balanced,37,Medium
9776,64,Balanced,54,Medium
9776,68,Fast,57,Medium
9776,61,Balanced,30,Deep
9776,66,Balanced,57,Medium
9810,60,Balanced,65,Medium
9810,52,Balanced,48,Medium
9810,38,Balanced,46,Medium
9810,41,Balanced,46,Medium
9810,63,Balanced,43,Medium
9810,51,Balanced,48,Medium
10268,30,Slow,50,Medium
10268,43,Balanced,40,Medium
10268,55,Balanced,49,Medium
10268,55,Balanced,49,Medium
10268,55,Balanced,49,Medium
10268,51,Balanced,49,Medium
8534,30,Slow,30,Deep
8534,50,Balanced,45,Medium
8534,50,Balanced,35,Medium
8534,51,Balanced,39,Medium
8534,63,Balanced,53,Medium
8534,66,Balanced,46,Medium
8398,45,Balanced,68,High
8398,64,Balanced,58,Medium
8398,50,Balanced,57,Medium
8398,50,Balanced,57,Medium
8398,39,Balanced,47,Medium
8558,55,Balanced,70,High
8558,68,Fast,51,Medium
8558,46,Balanced,37,Medium
8558,50,Balanced,37,Medium
8558,50,Balanced,37,Medium
8558,50,Balanced,37,Medium
7842,66,Balanced,46,Medium
7842,66,Balanced,46,Medium
7842,59,Balanced,46,Medium
6351,50,Balanced,50,Medium
8668,60,Balanced,40,Medium
8668,60,Balanced,55,Medium
8668,56,Balanced,50,Medium
8668,58,Balanced,41,Medium
8668,61,Balanced,52,Medium
8668,43,Balanced,52,Medium
4087,35,Balanced,45,Medium
4087,53,Balanced,47,Medium
4087,53,Balanced,47,Medium
4087,61,Balanced,47,Medium
4087,58,Balanced,.,Medium
10218,73,Fast,25,Deep
10218,47,Balanced,23,Deep
10218,53,Balanced,29,Deep
8596,70,Fast,60,Medium
8722,55,Balanced,45,Medium
8722,58,Balanced,40,Medium
8722,53,Balanced,43,Medium
8722,60,Balanced,43,Medium
8722,59,Balanced,57,Medium
8722,59,Balanced,42,Medium
6631,39,Balanced,51,Medium
8674,41,Balanced,30,Deep
8674,51,Balanced,43,Medium
8674,44,Balanced,49,Medium
8674,44,Balanced,49,Medium
8674,48,Balanced,49,Medium
8674,55,Balanced,49,Medium
9773,30,Slow,30,Deep
9773,50,Balanced,55,Medium
9773,52,Balanced,61,Medium
9773,52,Balanced,.,Medium
9773,52,Balanced,58,Medium
9773,70,Fast,58,Medium
9908,45,Balanced,30,Deep
9908,66,Balanced,34,Medium
9908,47,Balanced,45,Medium
9908,47,Balanced,45,Medium
9908,50,Balanced,45,Medium
9908,50,Balanced,54,Medium
9824,53,Balanced,42,Medium
10243,45,Balanced,50,Medium
10243,48,Balanced,54,Medium
10243,62,Balanced,47,Medium
10243,62,Balanced,47,Medium
10243,62,Balanced,47,Medium
10243,62,Balanced,47,Medium
10235,30,Slow,30,Deep
10235,47,Balanced,48,Medium
10235,38,Balanced,43,Medium
10235,44,Balanced,43,Medium
10235,54,Balanced,43,Medium
10235,50,Balanced,43,Medium
8535,67,Fast,45,Medium
8535,49,Balanced,45,Medium
8535,45,Balanced,45,Medium
8535,53,Balanced,47,Medium
8535,34,Balanced,58,Medium
8535,34,Balanced,58,Medium
8194,65,Balanced,45,Medium
8194,51,Balanced,46,Medium
8194,67,Fast,56,Medium
8194,41,Balanced,24,Deep
8194,72,Fast,47,Medium
8194,47,Balanced,56,Medium
8358,50,Balanced,55,Medium
8358,50,Balanced,41,Medium
8358,52,Balanced,30,Deep
8358,59,Balanced,53,Medium
8358,39,Balanced,59,Medium
8358,59,Balanced,53,Medium
9891,30,Slow,-,Deep
9891,70,Fast,61,Medium
9891,63,Balanced,55,Medium
9879,60,Balanced,40,Medium
9879,50,Balanced,45,Medium
9879,48,Balanced,38,Medium
9879,52,Balanced,39,Medium
9879,52,Balanced,29,Deep
9879,52,Balanced,29,Deep
9987,45,Balanced,70,High
9987,66,Balanced,48,Medium
9987,53,Balanced,47,Medium
9987,58,Balanced,47,Medium
9987,58,Balanced,47,Medium
9987,58,Balanced,36,Medium
10233,70,Fast,40,Medium
10233,65,Balanced,54,Medium
10233,50,Balanced,45,Medium
10233,64,Balanced,46,Medium
10233,64,Balanced,23,Deep
10233,64,Balanced,27,Deep
9991,70,Fast,45,Medium
9991,55,Balanced,61,Medium
9991,50,Balanced,48,Medium
9991,50,Balanced,50,Medium
9991,50,Balanced,55,Medium
9991,50,Balanced,49,Medium
8305,30,Slow,40,Medium
8305,54,Balanced,59,Medium
8305,25,Slow,49,Medium
8305,29,Slow,49,Medium
8305,35,Balanced,49,Medium
8305,34,Balanced,43,Medium
6391,61,Balanced,47,Medium
6391,48,Balanced,42,Medium
9764,46,Balanced,39,Medium
9764,46,Balanced,39,Medium
9764,65,Balanced,39,Medium
9764,68,Fast,39,Medium
8569,30,Slow,65,Medium
8569,47,Balanced,48,Medium
8569,52,Balanced,47,Medium
8569,52,Balanced,47,Medium
8569,52,Balanced,47,Medium
6433,55,Balanced,43,Medium
6433,58,Balanced,43,Medium
8019,41,Balanced,52,Medium
8020,30,Slow,60,Medium
8020,46,Balanced,53,Medium
7878,53,Balanced,54,Medium
7878,48,Balanced,49,Medium
7878,52,Balanced,49,Medium
7878,52,Balanced,49,Medium
7878,57,Balanced,48,Medium
9956,30,Slow,40,Medium
9956,67,Fast,43,Medium
9956,50,Balanced,36,Medium
9956,50,Balanced,36,Medium
9956,50,Balanced,36,Medium
9956,50,Balanced,36,Medium
9855,70,Fast,70,High
9855,50,Balanced,45,Medium
8357,55,Balanced,40,Medium
8357,59,Balanced,59,Medium
8357,68,Fast,48,Medium
8357,57,Balanced,36,Medium
8357,66,Balanced,49,Medium
8357,54,Balanced,48,Medium
9747,35,Balanced,30,Deep
9747,52,Balanced,33,Deep
9747,52,Balanced,46,Medium
9747,63,Balanced,43,Medium
9747,63,Balanced,49,Medium
9790,70,Fast,70,High
9790,52,Balanced,60,Medium
9790,46,Balanced,55,Medium
9790,34,Balanced,45,Medium
9790,45,Balanced,45,Medium
9790,42,Balanced,44,Medium
8429,70,Fast,60,Medium
8429,66,Balanced,46,Medium
8429,48,Balanced,55,Medium
9904,55,Balanced,70,High
9904,55,Balanced,39,Medium
9904,65,Balanced,39,Medium
9904,78,Fast,39,Medium
9904,48,Balanced,37,Medium
9904,48,Balanced,35,Medium
9860,70,Fast,-,Medium
9860,66,Balanced,56,Medium
9860,55,Balanced,50,Medium
9860,52,Balanced,52,Medium
9860,55,Balanced,49,Medium
9791,30,Slow,30,Deep
9791,69,Fast,36,Medium
9791,43,Balanced,33,Deep
9791,39,Balanced,47,Medium
9791,46,Balanced,60,Medium
9791,50,Balanced,60,Medium
10278,40,Balanced,35,Medium
10278,54,Balanced,48,Medium
10278,53,Balanced,50,Medium
10278,53,Balanced,50,Medium
10278,53,Balanced,50,Medium
8177,60,Balanced,55,Medium
8177,59,Balanced,50,Medium
8177,48,Balanced,50,Medium
8177,40,Balanced,50,Medium
8177,68,Fast,41,Medium
8177,47,Balanced,50,
10251,70,Fast,60,Medium
10251,48,Balanced,47,Medium
10251,55,Balanced,42,Medium
10251,60,Balanced,47,Medium
10251,55,Balanced,43,Medium
8226,70,Fast,65,Medium
8226,75,Fast,68,High
8226,61,Balanced,47,Medium
8226,32,Slow,-,Medium
8226,68,Fast,56,Medium
8226,69,Fast,63,Medium
8667,65,Balanced,70,High
8667,49,Balanced,46,Medium
8667,61,Balanced,38,Medium
8667,63,Balanced,34,Medium
8667,56,Balanced,38,Medium
8667,56,Balanced,38,Medium
8234,47,Balanced,37,Medium
8234,55,Balanced,33,Deep
8234,55,Balanced,33,Deep
8234,54,Balanced,42,Medium
8234,55,Balanced,37,
8636,55,Balanced,50,Medium
8636,55,Balanced,50,Medium
8636,45,Balanced,35,Medium
8636,67,Fast,36,Medium
8636,67,Fast,23,Deep
8636,58,Balanced,47,Medium
8066,36,Balanced,37,Medium
8066,61,Balanced,40,Medium
8066,35,Balanced,47,Medium
8066,61,Balanced,43,Medium
8066,48,Balanced,44,Medium
1957,30,Slow,70,High
1957,33,Slow,32,Deep
1957,58,Balanced,40,Medium
1957,58,Balanced,40,Medium
1957,38,Balanced,57,Medium
1957,66,Balanced,57,Medium
9885,45,Balanced,50,Medium
9885,65,Balanced,55,Medium
9885,50,Balanced,35,Medium
9885,39,Balanced,66,Medium
9885,26,Slow,23,Deep
9885,50,Balanced,35,Medium
8350,45,Balanced,70,High
8350,48,Balanced,38,Medium
8350,38,Balanced,37,Medium
8350,61,Balanced,48,Medium
8350,66,Balanced,47,Medium
8350,49,Balanced,41,Medium
8295,70,Fast,65,Medium
8295,53,Balanced,52,Medium
8295,54,Balanced,34,Medium
8295,56,Balanced,32,Deep
8295,54,Balanced,34,Medium
8597,70,Fast,60,Medium
8597,36,Balanced,48,Medium
8597,56,Balanced,43,Medium
8597,53,Balanced,47,Medium
8597,56,Balanced,44,Medium
8597,50,Balanced,46,Medium
8245,30,Slow,50,Medium
8245,67,Fast,57,Medium
8245,75,Fast,58,Medium
8245,70,Fast,58,Medium
8245,73,Fast,30,Deep
8245,59,Balanced,30,Deep
8571,50,Balanced,60,Medium
8571,38,Balanced,34,Medium
8571,31,Slow,46,Medium
8571,42,Balanced,46,Medium
8571,42,Balanced,46,Medium
8571,42,Balanced,46,Medium
8203,65,Balanced,60,Medium
8203,67,Fast,48,Medium
8203,52,Balanced,52,Medium
8203,52,Balanced,42,Medium
8203,52,Balanced,42,Medium
8203,52,Balanced,42,Medium
8306,30,Slow,35,Medium
8306,54,Balanced,48,Medium
8306,48,Balanced,53,Medium
8306,48,Balanced,53,Medium
8306,48,Balanced,53,Medium
8306,48,Balanced,53,Medium
7730,30,Slow,55,Medium
7730,37,Balanced,43,Medium
7730,51,Balanced,43,Medium
7730,37,Balanced,46,Medium
8543,60,Balanced,55,
8543,60,Balanced,45,Medium
8543,45,Balanced,35,Medium
8543,51,Balanced,59,Medium
8543,49,Balanced,59,Medium
8543,68,Fast,59,Medium
9746,55,Balanced,30,Deep
9746,50,Balanced,45,Medium
9746,46,Balanced,47,Medium
9746,46,Balanced,47,Medium
9746,46,Balanced,47,Medium
9746,46,Balanced,47,medium
8682,70,Fast,70,high
8682,65,Balanced,60,Medium
8682,58,Balanced,47,Medium
8682,58,Balanced,47,Medium
9888,40,Balanced,30,Deep
9888,50,Balanced,30,Deep
9888,45,Balanced,35,Medium
2182,40,Balanced,60,Medium
2182,64,Balanced,59,Medium
2182,67,Fast,47,Medium
2182,67,Fast,47,Medium
2182,67,Fast,47,Medium
2182,57,Balanced,50,Medium
8030,30,Slow,70,High
8030,63,Balanced,46,Medium
8030,44,Balanced,49,Medium
8030,44,Balanced,49,Medium
8030,62,Balanced,37,Medium
8030,62,Balanced,51,Medium
8673,30,Slow,65,Medium
8673,67,Fast,59,Medium
8673,69,Fast,59,Medium
8673,69,Fast,59,Medium
8673,54,Balanced,47,Medium
8673,54,Balanced,50,Medium
8197,70,Fast,70,High
8197,36,Balanced,51,Medium
8197,45,Balanced,48,Medium
8197,45,Balanced,48,Medium
8197,63,Balanced,58,Medium
8197,63,Balanced,58,Medium
6421,30,Slow,30,deep
8588,30,Slow,70,High
8588,65,Balanced,45,Medium
8588,64,Balanced,46,Medium
8588,64,Balanced,42,Medium
8588,64,Balanced,46,Medium
8588,64,Balanced,46,Medium
8581,30,Slow,30,Deep
8581,68,Fast,37,Medium
8581,53,Balanced,47,Medium
8581,57,Balanced,47,Medium
8581,57,Balanced,47,Medium
8581,62,Balanced,36,Medium
9989,48,Balanced,46,Medium
9989,69,Fast,45,Medium
9989,69,Fast,38,Medium
9989,69,Fast,38,Medium
9989,69,Fast,38,Medium
8639,70,Fast,55,Medium
8639,65,Balanced,55,Medium
8639,34,Balanced,58,Medium
8639,34,Balanced,47,Medium
8639,45,Balanced,59,Medium
8639,45,Balanced,59,Medium
8650,50,Balanced,40,Medium
8650,60,Balanced,55,Medium
8650,60,Balanced,50,Medium
8650,39,Balanced,59,Medium
8650,71,Fast,51,Medium
8650,66,Balanced,51,Medium
8537,30,Slow,30,Deep
8537,65,Balanced,45,Medium
8537,50,Balanced,35,Medium
8537,58,Balanced,58,Medium
8537,58,Balanced,29,Deep
8537,58,Balanced,31,Deep
8244,63,Balanced,37,Medium
8244,66,Balanced,32,Deep
8244,66,Balanced,32,Deep
8244,66,Balanced,36,Medium
9994,60,Balanced,65,Medium
9994,66,Balanced,48,Medium
9994,67,Fast,45,Medium
9994,67,Fast,45,Medium
9994,62,Balanced,45,Medium
9994,62,Balanced,45,Medium
8689,45,Balanced,70,High
8689,35,Balanced,55,Medium
8689,60,Balanced,43,Medium
8689,60,Balanced,43,Medium
8689,60,Balanced,43,Medium
8689,57,Balanced,51,Medium
10199,45,Balanced,40,Medium
10199,48,Balanced,56,Medium
10199,46,Balanced,48,Medium
10199,46,Balanced,48,Medium
10199,63,Balanced,48,Medium
10199,63,Balanced,48,Medium
9748,60,Balanced,70,High
9748,65,Balanced,45,Medium
9748,49,Balanced,46,Medium
9748,49,Balanced,46,Medium
9748,49,Balanced,46,Medium
9748,49,Balanced,46,Medium
9905,45,Balanced,50,Medium
9905,65,Balanced,57,Medium
9905,68,Fast,52,Medium
9905,66,Balanced,48,Medium
9905,67,Fast,53,Medium
9905,60,Balanced,55,Medium
9864,60,Balanced,45,Medium
9864,58,Balanced,45,Medium
9864,41,Balanced,64,Medium
9864,45,Balanced,64,Medium
9864,45,Balanced,64,Medium
9864,42,Balanced,47,Medium
8661,40,Balanced,45,Medium
8661,53,Balanced,47,Medium
8661,58,Balanced,59,Medium
8661,62,Balanced,59,Medium
8661,62,Balanced,59,Medium
8661,62,Balanced,59,Medium
8456,70,Fast,45,Medium
8456,70,Fast,65,Medium
8456,45,Balanced,50,Medium
8456,36,Balanced,42,Medium
8456,59,Balanced,42,Medium
8456,59,Balanced,48,Medium
10260,70,Fast,40,Medium
10260,65,Balanced,45,Medium
10260,46,Balanced,40,Medium
10260,46,Balanced,49,Medium
10260,46,Balanced,42,Medium
10260,38,Balanced,54,Medium
10212,30,Slow,30,Deep
10212,30,Slow,49,Medium
10212,38,Balanced,38,Medium
10212,38,Balanced,38,Medium
10212,67,Fast,37,Medium
10212,61,Balanced,38,Medium
8592,55,Balanced,65,Medium
8592,65,Balanced,55,Medium
8592,48,Balanced,44,Medium
8592,48,Balanced,44,Medium
8592,51,Balanced,48,Medium
8592,51,Balanced,48,Medium
8550,50,Balanced,30,Deep
8550,65,Balanced,35,Medium
8550,50,Balanced,46,Medium
8550,55,Balanced,46,Medium
8550,55,Balanced,39,Medium
8549,70,Fast,30,Deep
8549,66,Balanced,54,Medium
8549,60,Balanced,38,Medium
8549,60,Balanced,38,Medium
8549,60,Balanced,38,Medium
8549,60,Balanced,38,Medium
9829,35,Balanced,70,High
9829,65,Balanced,35,Medium
9829,52,Balanced,35,Medium
9829,52,Balanced,35,Medium
9829,52,Balanced,35,Medium
9829,52,Balanced,56,Medium
9998,50,Balanced,46,Medium
9998,50,Balanced,46,Medium
9998,55,Balanced,46,Medium
10249,35,Balanced,70,High
10249,50,Balanced,35,Medium
10249,52,Balanced,34,Medium
10249,52,Balanced,34,Medium
10249,52,Balanced,53,Medium
10249,54,Balanced,53,Medium
8348,38,Balanced,44,Medium
8348,38,Balanced,44,Medium
9927,70,Fast,60,Medium
9927,48,Balanced,47,Medium
9927,70,Fast,38,Medium
9927,67,Fast,39,Medium
9927,70,Fast,41,Medium
9927,64,Balanced,37,Medium
274581,50,Balanced,45,Medium
9996,50,Balanced,45,Medium
9996,50,Balanced,45,Medium
9761,30,Slow,30,Deep
9761,33,Slow,42,Medium
9761,40,Balanced,43,Medium
9761,58,Balanced,43,Medium
9761,46,Balanced,43,Medium
9761,45,Balanced,36,Medium
10214,45,Balanced,30,Deep
10214,47,Balanced,35,Medium
10214,41,Balanced,49,Medium
10214,41,Balanced,49,Medium
10214,41,Balanced,42,Medium
10214,65,Balanced,42,Medium
8481,65,Balanced,70,High
8481,35,Balanced,35,Medium
8481,49,Balanced,43,Medium
8481,49,Balanced,43,Medium
8481,49,Balanced,43,Medium
8481,49,Balanced,43,Medium
9830,55,Balanced,30,Deep
9830,50,Balanced,45,Medium
9830,46,Balanced,47,Medium
9830,46,Balanced,47,Medium
9830,63,Balanced,47,Medium
9830,63,Balanced,39,Medium
9809,30,Slow,30,Deep
9809,50,Balanced,45,Medium
8464,32,Slow,30,Deep
8464,47,Balanced,33,Deep
8464,46,Balanced,45,Medium
8464,46,Balanced,45,Medium
8464,49,Balanced,40,Medium
10261,70,Fast,45,Medium
10261,55,Balanced,45,Medium
10261,54,Balanced,52,Medium
10261,58,Balanced,41,Medium
10261,54,Balanced,56,Medium
10261,58,Balanced,41,Medium
9831,70,Fast,70,High
9831,50,Balanced,45,Medium
9831,48,Balanced,26,Deep
9831,48,Balanced,56,Medium
9831,48,Balanced,56,Medium
9831,48,Balanced,57,Medium
9850,65,Balanced,60,Medium
9850,49,Balanced,34,Medium
9850,63,Balanced,40,Medium
9850,70,Fast,40,Medium
9850,45,Balanced,40,Medium
9850,45,Balanced,38,Medium
6269,53,Balanced,60,Medium
6269,55,Balanced,35,Medium
6269,66,Balanced,36,Medium
6269,66,Balanced,36,Medium
8165,45,Balanced,55,Medium
8165,45,Balanced,55,Medium
8165,44,Balanced,30,Deep
8165,46,Balanced,39,Medium
8165,46,Balanced,51,Medium
8165,46,Balanced,30,Deep
8388,55,Balanced,30,Deep
8388,71,Fast,40,Medium
8388,44,Balanced,50,Medium
8388,44,Balanced,50,Medium
8388,44,Balanced,50,Medium
8388,44,Balanced,50,Medium
8242,30,Slow,70,High
2033,45,Balanced,50,Medium
2033,65,Balanced,50,Medium
2033,45,Balanced,37,Medium
2033,45,Balanced,37,Medium
2033,45,Balanced,37,Medium
8573,52,Balanced,42,Medium
8573,52,Balanced,42,Medium
8371,35,Balanced,30,Deep
8371,55,Balanced,48,Medium
8371,34,Balanced,47,Medium
8371,38,Balanced,47,Medium
8371,38,Balanced,47,Medium
8371,38,Balanced,47,Medium
1773,52,Balanced,43,Medium
1773,52,Balanced,43,Medium
1773,52,Balanced,43,Medium
6403,30,Slow,30,Deep
6403,50,Balanced,45,Medium
6403,38,Balanced,36,Medium
6403,50,Balanced,36,Medium
6403,38,Balanced,36,Medium
6403,63,Balanced,36,Medium
8460,70,Fast,30,Deep
8460,52,Balanced,36,Medium
8460,67,Fast,33,Deep
8460,67,Fast,40,Medium
8460,73,Fast,33,Deep
8460,67,Fast,25,Deep
8540,63,Balanced,45,Medium
8540,65,Balanced,35,Medium
8540,60,Balanced,45,Medium
8540,66,Balanced,43,Medium
8540,66,Balanced,43,Medium
8540,66,Balanced,44,Medium
9847,50,Balanced,70,High
9847,35,Balanced,45,Medium
9847,49,Balanced,49,Medium
9847,49,Balanced,49,Medium
9847,49,Balanced,57,Medium
9847,49,Balanced,57,Medium
10167,30,Slow,45,Medium
10167,50,Balanced,45,Medium
10167,45,Balanced,45,Medium
10167,48,Balanced,39,Medium
10167,48,Balanced,54,Medium
10167,48,Balanced,43,Medium
8426,48,Balanced,47,Medium
8426,48,Balanced,46,Medium
6413,47,Balanced,46,Medium
6413,57,Balanced,58,Medium
6413,45,Balanced,58,Medium
6547,54,Balanced,40,Medium
9878,50,Balanced,35,Medium
9878,65,Balanced,45,Medium
9878,55,Balanced,44,Medium
9878,64,Balanced,26,Deep
9878,64,Balanced,39,Medium
8028,30,Slow,65,Medium
8028,30,Slow,32,Deep
8028,64,Balanced,36,Medium
8028,64,Balanced,36,Medium
8033,54,Balanced,47,Medium
8033,54,Balanced,47,Medium
8033,72,Fast,29,Deep
8033,68,Fast,29,Deep
8023,67,Fast,47,Medium
8023,50,Balanced,50,Medium
8023,50,Balanced,57,Medium
8031,30,Slow,60,Medium
8031,46,Balanced,53,Medium
2183,30,Slow,55,Medium
2183,33,Slow,55,Medium
2183,34,Balanced,31,Deep
2183,34,Balanced,57,Medium
8462,70,Fast,40,Medium
8462,36,Balanced,36,Medium
8462,64,Balanced,49,Medium
8462,68,Fast,49,Medium
8462,59,Balanced,39,Medium
8462,59,Balanced,39,Medium
8640,30,Slow,30,Deep
8640,63,Balanced,57,Medium
8640,33,Slow,43,Medium
8640,54,Balanced,43,Medium
8640,67,Fast,50,Medium
8640,67,Fast,40,Medium
10172,70,Fast,70,High
10172,51,Balanced,44,Medium
10172,57,Balanced,42,Medium
10172,58,Balanced,49,Medium
10172,52,Balanced,50,Medium
10172,30,Slow,50,Medium
8696,45,Balanced,45,Medium
8696,53,Balanced,47,Medium
8696,43,Balanced,50,Medium
8696,47,Balanced,50,Medium
8696,48,Balanced,51,Medium
8548,65,Balanced,60,Medium
8548,51,Balanced,46,Medium
8548,45,Balanced,48,Medium
8548,55,Balanced,48,Medium
8548,45,Balanced,48,Medium
8548,45,Balanced,48,Medium
8370,40,Balanced,30,Deep
8370,53,Balanced,58,Medium
8370,41,Balanced,63,Medium
8370,45,Balanced,63,Medium
8370,45,Balanced,63,Medium
8370,29,Slow,54,Medium
9798,70,Fast,70,High
9798,49,Balanced,49,Medium
9798,49,Balanced,49,Medium
9798,49,Balanced,39,Medium
9798,44,Balanced,58,Medium
9798,44,Balanced,51,Medium
8603,45,Balanced,50,Medium
8603,37,Balanced,42,Medium
8603,55,Balanced,58,Medium
8603,59,Balanced,58,Medium
8603,59,Balanced,58,Medium
8603,59,Balanced,58,Medium
8633,55,Balanced,65,Medium
8633,54,Balanced,68,High
8633,45,Balanced,49,Medium
8633,50,Balanced,39,Medium
8633,50,Balanced,39,Medium
8633,50,Balanced,52,Medium
8560,40,Balanced,45,Medium
8560,54,Balanced,49,Medium
8560,24,Slow,48,Medium
8560,28,Slow,48,Medium
8560,35,Balanced,48,Medium
8560,60,Balanced,49,Medium
8479,50,Balanced,35,Medium
8479,45,Balanced,39,Medium
8479,41,Balanced,40,Medium
8479,41,Balanced,40,Medium
8479,41,Balanced,40,Medium
8479,37,Balanced,40,Medium
8690,55,Balanced,40,Medium
8690,55,Balanced,40,Medium
8690,50,Balanced,35,Medium
8690,52,Balanced,38,Medium
8690,52,Balanced,38,Medium
9837,35,Balanced,45,Medium
9837,61,Balanced,33,Deep
9837,61,Balanced,33,Deep
9837,48,Balanced,33,Deep
9837,48,Balanced,33,Deep
9851,50,Balanced,70,High
9851,65,Balanced,55,Medium
9851,64,Balanced,46,Medium
9851,64,Balanced,46,Medium
9851,64,Balanced,46,Medium
9851,64,Balanced,46,Medium
7841,30,Slow,30,Deep
7841,50,Balanced,45,Medium
7841,36,Balanced,39,Medium
7841,36,Balanced,39,Medium
7841,66,Balanced,39,Medium
7841,66,Balanced,39,Medium
10219,30,Slow,50,Medium
10219,47,Balanced,41,Medium
10219,47,Balanced,29,Deep
10219,57,Balanced,31,Deep
8551,35,Balanced,40,Medium
8551,50,Balanced,40,Medium
8551,45,Balanced,45,Medium
8551,47,Balanced,37,Medium
8551,47,Balanced,44,Medium
9803,30,Slow,30,Deep
9803,65,Balanced,48,Medium
9803,55,Balanced,47,Medium
9803,42,Balanced,47,Medium
9803,43,Balanced,39,Medium
9999,65,Balanced,65,Medium
8686,70,Fast,55,Medium
8686,64,Balanced,46,Medium
8686,60,Balanced,35,Medium
8686,53,Balanced,49,Medium
8686,67,Fast,36,Medium
8686,68,Fast,36,Medium
8649,35,Balanced,40,Medium
8649,34,Balanced,39,Medium
8649,45,Balanced,36,Medium
1601,30,Slow,65,Medium
1601,48,Balanced,46,Medium
1601,53,Balanced,43,Medium
1601,53,Balanced,43,Medium
1601,53,Balanced,43,Medium
1601,47,Balanced,43,Medium
9853,65,Balanced,30,Deep
9853,65,Balanced,35,Medium
9853,49,Balanced,35,Medium
9853,49,Balanced,35,Medium
9853,58,Balanced,35,Medium
9853,58,Balanced,48,Medium
9882,60,Balanced,50,Medium
9882,50,Balanced,35,Medium
9882,35,Balanced,45,Medium
9882,36,Balanced,50,Medium
9882,36,Balanced,54,Medium
9882,36,Balanced,50,Medium
7943,30,Slow,30,Deep
7943,50,Balanced,45,Medium
7943,50,Balanced,35,Medium
7943,57,Balanced,38,Medium
7943,57,Balanced,54,Medium
7943,57,Balanced,38,Medium
7794,40,Balanced,70,High
7794,50,Balanced,44,Medium
7794,50,Balanced,44,Medium
7794,67,Fast,39,Medium
7794,61,Balanced,44,Medium
10228,35,Balanced,30,Deep
10228,49,Balanced,58,Medium
10228,67,Fast,45,Medium
10228,47,Balanced,46,Medium
10228,53,Balanced,46,Medium
10228,54,Balanced,46,Medium
10189,65,Balanced,70,High
10189,63,Balanced,37,Medium
10189,50,Balanced,43,Medium
10189,60,Balanced,45,Medium
10189,39,Balanced,51,Medium
10189,58,Balanced,55,Medium
9777,30,Slow,55,Medium
9777,48,Balanced,49,Medium
9777,48,Balanced,49,Medium
8302,30,Slow,60,Medium
8302,68,Fast,57,Medium
8302,61,Balanced,38,Medium
8302,65,Balanced,38,Medium
8302,65,Balanced,38,Medium
8302,53,Balanced,42,Medium
10179,35,Balanced,35,Medium
10179,47,Balanced,41,Medium
10179,61,Balanced,45,Medium
10179,61,Balanced,45,Medium
10179,61,Balanced,45,Medium
10179,61,Balanced,45,Medium
8025,30,Slow,60,Medium
8025,47,Balanced,48,Medium
8025,65,Balanced,24,Deep
8025,65,Balanced,30,Deep
8025,47,Balanced,37,Medium
8025,50,Balanced,45,Medium
9874,66,Balanced,65,Medium
9874,50,Balanced,45,Medium
9874,63,Balanced,54,Medium
9874,63,Balanced,54,Medium
9874,63,Balanced,54,Medium
9874,63,Balanced,54,Medium
8466,70,Fast,70,High
8466,52,Balanced,43,Medium
8466,47,Balanced,48,Medium
8466,47,Balanced,57,Medium
8466,47,Balanced,62,Medium
8466,52,Balanced,50,Medium
8614,35,Balanced,30,Deep
9986,40,Balanced,70,High
9986,47,Balanced,49,Medium
9986,60,Balanced,42,Medium
9986,60,Balanced,42,Medium
9986,60,Balanced,39,Medium
9768,30,Slow,30,Deep
9768,50,Balanced,55,Medium
9768,53,Balanced,52,Medium
9768,53,Balanced,52,Medium
9768,55,Balanced,60,Medium
9768,57,Balanced,60,Medium
9869,70,Fast,70,High
9869,68,Fast,58,Medium
9869,51,Balanced,36,Medium
9869,55,Balanced,36,Medium
9869,55,Balanced,36,Medium
9869,55,Balanced,45,Medium
9875,70,Fast,50,Medium
9875,50,Balanced,50,Medium
9875,60,Balanced,45,Medium
9875,68,Fast,44,Medium
9875,72,Fast,61,Medium
9875,53,Balanced,47,Medium
10190,35,Balanced,50,Medium
10190,47,Balanced,49,Medium
10190,52,Balanced,40,Medium
10190,52,Balanced,40,Medium
10190,52,Balanced,40,Medium
9800,70,Fast,60,Medium
9800,48,Balanced,43,Medium
9800,60,Balanced,50,Medium
9800,42,Balanced,53,Medium
9800,58,Balanced,50,Medium
9800,38,Balanced,60,Medium
8152,60,Balanced,60,Medium
8152,60,Balanced,49,Medium
8152,53,Balanced,49,Medium
8152,53,Balanced,49,Medium
8152,53,Balanced,46,Medium
8152,52,Balanced,39,Medium
8467,70,Fast,30,Deep
8467,67,Fast,33,Deep
8467,57,Balanced,42,Medium
8467,60,Balanced,44,Medium
8467,56,Balanced,40,Medium
8467,62,Balanced,37,Medium
9997,50,Balanced,50,Medium
9997,53,Balanced,46,Medium
9997,52,Balanced,32,Deep
9985,53,Balanced,70,High
9985,68,Fast,59,Medium
9985,75,Fast,45,Medium
9985,54,Balanced,45,Medium
9985,54,Balanced,45,Medium
9985,54,Balanced,45,Medium
10194,65,Balanced,35,Medium
10194,50,Balanced,25,Deep
10194,75,Fast,50,Medium
10194,75,Fast,32,Deep
10194,48,Balanced,38,Medium
10194,48,Balanced,44,Medium
8472,60,Balanced,35,Medium
8472,55,Balanced,45,Medium
8472,67,Fast,47,Medium
8472,57,Balanced,47,Medium
8472,60,Balanced,41,Medium
8472,43,Balanced,47,Medium
10003,65,Balanced,70,High
10003,66,Balanced,44,Medium
10003,26,Slow,48,Medium
10003,41,Balanced,52,Medium
10003,63,Balanced,51,Medium
10003,45,Balanced,31,Deep
9867,30,Slow,50,Medium
9867,56,Balanced,57,Medium
9867,56,Balanced,52,Medium
9867,56,Balanced,52,Medium
10191,51,Balanced,37,Medium
10191,58,Balanced,47,Medium
10191,58,Balanced,47,Medium
10191,58,Balanced,47,Medium
10191,58,Balanced,47,Medium
9804,45,Balanced,45,Medium
9804,45,Balanced,45,Medium
9804,50,Balanced,35,Medium
9804,71,Fast,39,Medium
9804,76,Fast,39,Medium
9804,69,Fast,39,Medium
8586,70,Fast,50,Medium
8586,60,Balanced,30,Deep
8586,44,Balanced,43,Medium
8586,42,Balanced,63,Medium
8586,41,Balanced,58,Medium
8586,47,Balanced,63,Medium
9941,35,Balanced,30,Deep
9941,65,Balanced,35,Medium
9941,49,Balanced,36,Medium
9941,49,Balanced,36,Medium
9941,49,Balanced,36,Medium
9941,49,Balanced,36,Medium
10242,35,Balanced,45,Medium
10242,49,Balanced,43,Medium
10242,49,Balanced,43,Medium
10242,49,Balanced,43,Medium
10242,49,Balanced,43,Medium
8611,30,Slow,30,Deep
8611,55,Balanced,61,Medium
8611,25,Slow,62,Medium
8611,35,Balanced,34,Medium
8611,38,Balanced,44,Medium
8611,48,Balanced,44,Medium
8600,64,Balanced,35,Medium
8600,70,Fast,44,Medium
8600,75,Fast,45,Medium
8600,78,Fast,40,Medium
8600,71,Fast,40,Medium
8600,68,Fast,40,Medium
9771,50,Balanced,50,Medium
9771,50,Balanced,50,Medium
9771,36,Balanced,53,Medium
10267,30,Slow,55,Medium
10267,41,Balanced,40,Medium
10267,20,Slow,51,Medium
10267,20,Slow,51,Medium
10267,30,Slow,51,Medium
10267,35,Balanced,49,Medium
9873,60,Balanced,30,Deep
9873,65,Balanced,45,Medium
9873,49,Balanced,43,Medium
9873,49,Balanced,43,Medium
9873,49,Balanced,47,Medium
9873,49,Balanced,47,Medium
10281,55,Balanced,30,Deep
10281,54,Balanced,43,Medium
10281,55,Balanced,51,Medium
10281,55,Balanced,51,Medium
10281,55,Balanced,51,Medium
10281,43,Balanced,47,Medium
9876,50,Balanced,45,Medium
9876,58,Balanced,47,Medium
9876,63,Balanced,31,Deep
9876,57,Balanced,47,Medium
10269,70,Fast,65,Medium
10269,64,Balanced,45,Medium
10269,50,Balanced,47,Medium
10269,59,Balanced,47,Medium
10269,54,Balanced,46,Medium
10269,59,Balanced,41,Medium
10205,64,Balanced,65,Medium
10205,42,Balanced,50,Medium
10205,20,Slow,51,Medium
10205,24,Slow,51,Medium
10205,35,Balanced,51,Medium
10205,48,Balanced,47,Medium
8277,35,Balanced,30,Deep
8277,33,Slow,55,Medium
8277,37,Balanced,42,Medium
8277,37,Balanced,42,Medium
8277,53,Balanced,42,Medium
8277,57,Balanced,60,Medium
7844,30,Slow,30,Deep
7844,65,Balanced,55,Medium
7844,40,Balanced,50,Medium
7844,40,Balanced,50,Medium
7844,40,Balanced,37,Medium
7844,40,Balanced,37,Medium
10238,30,Slow,30,Deep
10238,50,Balanced,35,Medium
10238,56,Balanced,37,Medium
10238,56,Balanced,37,Medium
10238,56,Balanced,37,Medium
10238,58,Balanced,37,Medium
9839,50,Balanced,50,Medium
9839,50,Balanced,38,Medium
9839,41,Balanced,46,Medium
9839,41,Balanced,29,Deep
8475,62,Balanced,30,Deep
8475,38,Balanced,25,Deep
8475,38,Balanced,27,Deep
9817,70,Fast,70,High
9817,64,Balanced,44,Medium
9817,66,Balanced,48,Medium
9817,67,Fast,38,Medium
9817,61,Balanced,38,Medium
9817,61,Balanced,38,Medium
8697,70,Fast,70,High
8697,64,Balanced,64,Medium
8697,54,Balanced,49,Medium
8697,68,Fast,60,Medium
8697,40,Balanced,40,Medium
8697,56,Balanced,63,Medium
8659,65,Balanced,70,High
8659,60,Balanced,35,Medium
8659,48,Balanced,38,Medium
8659,55,Balanced,33,Deep
8659,55,Balanced,41,Medium
8659,62,Balanced,41,Medium
8654,58,Balanced,30,Deep
8654,35,Balanced,45,Medium
8654,63,Balanced,30,Deep
8654,72,Fast,30,Deep
8654,72,Fast,30,Deep
8654,77,Fast,30,Deep
10001,45,Balanced,70,High
10001,34,Balanced,48,Medium
10001,52,Balanced,48,Medium
10001,52,Balanced,48,Medium
8024,63,Balanced,37,Medium
8024,66,Balanced,32,Deep
8024,66,Balanced,32,Deep
8024,66,Balanced,36,Medium
8528,70,Fast,35,Medium
8528,35,Balanced,45,Medium
8528,38,Balanced,40,Medium
8528,38,Balanced,56,Medium
8528,51,Balanced,62,Medium
8528,51,Balanced,62,Medium
8525,35,Balanced,30,Deep
8525,72,Fast,28,Deep
8525,48,Balanced,43,Medium
8525,51,Balanced,43,Medium
10265,40,Balanced,70,High
10265,67,Fast,58,Medium
10265,25,Slow,60,Medium
10265,30,Slow,60,Medium
10265,47,Balanced,60,Medium
10265,33,Slow,62,Medium
8721,65,Balanced,45,Medium
8721,65,Balanced,58,Medium
8721,54,Balanced,38,Medium
8721,58,Balanced,64,Medium
8721,58,Balanced,59,Medium
8721,68,Fast,66,Medium
8602,70,Fast,70,High
8602,55,Balanced,45,Medium
8602,67,Fast,48,Medium
8602,63,Balanced,42,Medium
8602,47,Balanced,47,Medium
8602,46,Balanced,47,Medium
7955,60,Balanced,50,Medium
7955,54,Balanced,49,Medium
7955,49,Balanced,34,Medium
9868,30,Slow,45,Medium
9868,40,Balanced,46,Medium
9868,60,Balanced,49,Medium
9868,60,Balanced,49,Medium
10192,55,Balanced,55,Medium
10192,60,Balanced,48,Medium
10192,52,Balanced,44,Medium
10192,52,Balanced,44,Medium
10192,52,Balanced,44,Medium
10192,52,Balanced,44,Medium
8021,55,Balanced,70,High
8021,54,Balanced,47,Medium
8021,33,Slow,58,Medium
8021,33,Slow,58,Medium
8021,33,Slow,58,Medium
8394,30,Slow,40,Medium
8394,43,Balanced,38,Medium
8394,34,Balanced,51,Medium
8394,38,Balanced,51,Medium
8394,38,Balanced,51,Medium
8394,52,Balanced,48,Medium
8027,54,Balanced,44,Medium
8027,54,Balanced,44,Medium
10000,65,Balanced,70,High
10000,52,Balanced,46,Medium
10000,54,Balanced,44,Medium
10000,54,Balanced,44,Medium
10000,54,Balanced,44,Medium
10000,54,Balanced,44,Medium
